id;debiteur;veroorzaker;overeenkomst;datum_ingang;datum_einde
1;strategic Plastic New York;Toys maximize;multi-state;Buckinghamshire responsive;deploy Solomon Islands Somoni
2;Health Manat;Computer Personal Loan Account algorithm;Profit-focused connecting Spain;program next generation Future;Steel heuristic
3;Sleek PNG;Cotton eco-centric;model Hawaii;system-worthy distributed;back-end Designer Gourde US Dollar
4;Ridges;transparent;Rapids;Internal;Madagascar
5;Concrete;application Avon;Fresh Division;e-commerce Supervisor Mississippi;Savings Account
6;Auto Loan Account Money Market Account;Administrator Frozen;interface bypass;transmit withdrawal;driver Cove
7;black payment;HDD;Intelligent;Small Soft Towels;withdrawal Centralized Saint Pierre and Miquelon
8;Florida Games;Indiana Future;Handmade Granite Bike infrastructures;Kenyan Shilling Kenyan Shilling auxiliary;analyzing
9;Credit Card Account;Streamlined Borders;knowledge user Handmade Wooden Mouse;virtual neural;Future
10;Health;wireless generating;Soft;Table copying Intranet;North Dakota Fantastic Soft Keyboard Tunnel
